Login,Password,address1,address2,pass1,arrive,depart
jojo,bean,First street,Liberty,Jojo Bean,Portland,Denver
Mark,Tven,Boom street,Akron,Mark Tven,San Francisco,Frankfurt
Tony,Versety,Beach street,Vicecity,Tony Versety,Seattle,London
Thomas,Shelbi,Opolo street,Boston,Thomas Shelbi,Sydney,Los Angeles
Oliver,Abramson,Fire street,Buffalo,Oliver Abramson,Zurich,Paris
Jack,James,Frends street,Cary,Jack James,Denver,Portland
Harry,Bishop,Obama street,Concord,Harry Bishop,Frankfurt,San Francisco
Jacob,Longman,Wall Street,Erie,Jacob Longman,London,Seattle
Charley,Mason,Liberty street,Frisco,Charley Mason,Los Angeles,Sydney
George,Miller,Lafayette Street,Gresham,George Miller,Paris,Zurich
